Candidate ID,Candidate Name,Gender,Location,Experience (Yrs),Education Level,Key Technical Skills,Avatar URL Profile Pic,Match Alignment
CAND_036,Vikram Verma,Male,Pune,11.8,Bachelor of Engineering,"Pandas, Python, ML, Data Analysis, C++","https://api.dicebear.com/7.x/avatar/svg?seed=user_35_921&backgroundColor=0d1127,1e293b",83.7%
CAND_001,Rahul Kumar,Male,Pune,6.2,Bachelor of Technology,"Python, ML, SQL, Deep Learning","https://api.dicebear.com/7.x/avatar/svg?seed=jack&backgroundColor=0d1127,1e293b",81.7%
CAND_124,Abhishek Sharma,Male,Pune,10,Master of Technology,"Docker, SQL, Statistics, PyTorch, ML, Python","https://api.dicebear.com/7.x/avatar/svg?seed=user_123_353&backgroundColor=0d1127,1e293b",81.3%
CAND_092,Siddharth Patil,Male,Pune,8.2,Bachelor of Technology,"PyTorch, Java, Docker, C++, ML, SQL","https://api.dicebear.com/7.x/avatar/svg?seed=user_91_742&backgroundColor=0d1127,1e293b",79.2%
CAND_073,Shreya Kumar,Female,Pune,10.8,Master of Science,"AWS, NLP, Python, SQL, Deep Learning, Docker","https://api.dicebear.com/7.x/lorelei/svg?seed=user_72_883&backgroundColor=0d1127,1e293b",78.3%
CAND_082,Kriti Patil,Female,Pune,11.8,Master of Technology,"AWS, Pandas, Deep Learning, Java, Python","https://api.dicebear.com/7.x/lorelei/svg?seed=user_81_425&backgroundColor=0d1127,1e293b",78.3%
CAND_023,Neha Reddy,Female,Pune,6.2,Bachelor of Technology,"ML, NLP, TensorFlow, Deep Learning, SQL, Docker, AWS","https://api.dicebear.com/7.x/lorelei/svg?seed=user_22_151&backgroundColor=0d1127,1e293b",78.0%
CAND_056,Arjun Joshi,Male,Pune,11.4,Master of Science,"SQL, AWS, Docker, PyTorch, Deep Learning","https://api.dicebear.com/7.x/avatar/svg?seed=user_55_204&backgroundColor=0d1127,1e293b",77.4%
CAND_005,Karan Singh,Male,Pune,6.5,Bachelor of Technology,"Python, Deep Learning, SQL","https://api.dicebear.com/7.x/avatar/svg?seed=peter&backgroundColor=0d1127,1e293b",77.2%
CAND_068,Sanjay Patil,Male,Pune,9.6,Bachelor of Technology,"TensorFlow, C++, NLP, AWS, Pandas, Docker, Python","https://api.dicebear.com/7.x/avatar/svg?seed=user_67_724&backgroundColor=0d1127,1e293b",76.4%
CAND_010,Amit Joshi,Male,Pune,4.4,Bachelor of Engineering,"ML, Data Analysis, Java, Deep Learning, NLP, SQL","https://api.dicebear.com/7.x/avatar/svg?seed=user_9_723&backgroundColor=0d1127,1e293b",75.7%
CAND_041,Rohan Reddy,Male,Pune,4.7,Master of Technology,"Data Analysis, Pandas, Docker, NLP, Statistics, ML, Deep Learning","https://api.dicebear.com/7.x/avatar/svg?seed=user_40_530&backgroundColor=0d1127,1e293b",75.6%
CAND_037,Sneha Joshi,Female,Pune,10.7,Bachelor of Engineering,"Deep Learning, C++, TensorFlow, Data Analysis, NLP, Java, Statistics","https://api.dicebear.com/7.x/lorelei/svg?seed=user_36_124&backgroundColor=0d1127,1e293b",75.4%
CAND_118,Arjun Singh,Male,Pune,2.7,Master of Science,"Data Analysis, ML, AWS, TensorFlow","https://api.dicebear.com/7.x/avatar/svg?seed=user_117_951&backgroundColor=0d1127,1e293b",75.1%
CAND_097,Priya Singh,Female,Mumbai,12,Master of Science,"SQL, Deep Learning, Statistics, ML","https://api.dicebear.com/7.x/lorelei/svg?seed=user_96_497&backgroundColor=0d1127,1e293b",74.9%
CAND_125,Deepak Reddy,Male,Pune,7.9,Master of Science,"Data Analysis, NLP, Pandas, Docker, C++, Python","https://api.dicebear.com/7.x/avatar/svg?seed=user_124_908&backgroundColor=0d1127,1e293b",74.9%
CAND_006,Rahul Kumar,Male,Pune,2.5,Master of Technology,"Statistics, AWS, Python, C++, Deep Learning","https://api.dicebear.com/7.x/avatar/svg?seed=user_5_833&backgroundColor=0d1127,1e293b",72.5%
CAND_054,Vikram Patil,Male,Hyderabad,10.3,Master of Technology,"Deep Learning, ML, TensorFlow, PyTorch, SQL","https://api.dicebear.com/7.x/avatar/svg?seed=user_53_677&backgroundColor=0d1127,1e293b",72.5%
CAND_087,Rahul Mehta,Male,Delhi,9.9,Bachelor of Engineering,"Data Analysis, C++, Pandas, ML, Deep Learning, Statistics","https://api.dicebear.com/7.x/avatar/svg?seed=user_86_521&backgroundColor=0d1127,1e293b",71.5%
CAND_099,Vikram Das,Male,Pune,6.2,Master of Science,"C++, Data Analysis, SQL, PyTorch, Java","https://api.dicebear.com/7.x/avatar/svg?seed=user_98_657&backgroundColor=0d1127,1e293b",71.5%
CAND_077,Abhishek Mishra,Male,Mumbai,6.1,Master of Technology,"Deep Learning, NLP, Statistics, ML","https://api.dicebear.com/7.x/avatar/svg?seed=user_76_394&backgroundColor=0d1127,1e293b",71.2%
CAND_088,Sneha Nair,Female,Chennai,10.6,Master of Technology,"TensorFlow, AWS, ML, Deep Learning, C++","https://api.dicebear.com/7.x/lorelei/svg?seed=user_87_753&backgroundColor=0d1127,1e293b",71.1%
CAND_139,Riya Mehta,Female,Pune,4.2,Bachelor of Technology,"Data Analysis, Java, SQL, C++","https://api.dicebear.com/7.x/lorelei/svg?seed=user_138_346&backgroundColor=0d1127,1e293b",71.1%
CAND_129,Anjali Verma,Female,Pune,2.3,Master of Science,"Statistics, Java, C++, Docker","https://api.dicebear.com/7.x/lorelei/svg?seed=user_128_138&backgroundColor=0d1127,1e293b",71.0%
CAND_083,Arjun Joshi,Male,Kolkata,11.9,Bachelor of Technology,"TensorFlow, Python, ML, Statistics, AWS","https://api.dicebear.com/7.x/avatar/svg?seed=user_82_439&backgroundColor=0d1127,1e293b",70.9%
CAND_060,Pooja Mehta,Female,Pune,3.4,Master of Science,"Data Analysis, Java, NLP, C++, Docker","https://api.dicebear.com/7.x/lorelei/svg?seed=user_59_710&backgroundColor=0d1127,1e293b",70.5%
CAND_007,Shreya Singh,Female,Chennai,10,Bachelor of Engineering,"Java, C++, ML, Pandas","https://api.dicebear.com/7.x/lorelei/svg?seed=user_6_448&backgroundColor=0d1127,1e293b",69.9%
CAND_035,Vikram Mishra,Male,Pune,4.1,Bachelor of Engineering,"Data Analysis, Java, Statistics, Pandas","https://api.dicebear.com/7.x/avatar/svg?seed=user_34_735&backgroundColor=0d1127,1e293b",69.9%
CAND_004,Sneha Patil,Female,Hyderabad,3.9,Bachelor of Technology,"Python, ML, NLP, Pandas","https://api.dicebear.com/7.x/lorelei/svg?seed=zoey&backgroundColor=0d1127,1e293b",69.8%
CAND_028,Vikram Mishra,Male,Chennai,9,Bachelor of Technology,"NLP, Pandas, ML, PyTorch, C++","https://api.dicebear.com/7.x/avatar/svg?seed=user_27_568&backgroundColor=0d1127,1e293b",69.8%
CAND_130,Sanjay Verma,Male,Mumbai,7.8,Bachelor of Technology,"ML, C++, Docker, AWS, Java","https://api.dicebear.com/7.x/avatar/svg?seed=user_129_838&backgroundColor=0d1127,1e293b",69.8%
CAND_093,Pooja Kumar,Female,Hyderabad,7.6,Master of Science,"SQL, NLP, Data Analysis, Pandas, ML","https://api.dicebear.com/7.x/lorelei/svg?seed=user_92_305&backgroundColor=0d1127,1e293b",69.6%
CAND_071,Sanjay Mishra,Male,Kolkata,9.9,Bachelor of Engineering,"Pandas, SQL, Statistics, Deep Learning, ML","https://api.dicebear.com/7.x/avatar/svg?seed=user_70_372&backgroundColor=0d1127,1e293b",69.5%
CAND_126,Sneha Reddy,Female,Delhi,8.6,Bachelor of Engineering,"NLP, Docker, PyTorch, AWS, ML, Data Analysis","https://api.dicebear.com/7.x/lorelei/svg?seed=user_125_183&backgroundColor=0d1127,1e293b",69.5%
CAND_030,Siddharth Singh,Male,Pune,3.2,Bachelor of Technology,"AWS, Java, PyTorch, Statistics, Python, Docker","https://api.dicebear.com/7.x/avatar/svg?seed=user_29_406&backgroundColor=0d1127,1e293b",69.4%
CAND_053,Sneha Das,Female,Pune,1.7,Bachelor of Technology,"Data Analysis, Deep Learning, PyTorch, SQL","https://api.dicebear.com/7.x/lorelei/svg?seed=user_52_899&backgroundColor=0d1127,1e293b",69.4%
CAND_069,Vikram Mishra,Male,Hyderabad,3.7,Bachelor of Technology,"ML, Deep Learning, C++, Statistics","https://api.dicebear.com/7.x/avatar/svg?seed=user_68_176&backgroundColor=0d1127,1e293b",69.2%
CAND_025,Tanvi Mishra,Female,Delhi,9,Bachelor of Technology,"Deep Learning, NLP, C++, Python, AWS","https://api.dicebear.com/7.x/lorelei/svg?seed=user_24_853&backgroundColor=0d1127,1e293b",68.9%
CAND_137,Pooja Nair,Female,Chennai,7.1,Bachelor of Engineering,"Docker, ML, NLP, Pandas, Python","https://api.dicebear.com/7.x/lorelei/svg?seed=user_136_729&backgroundColor=0d1127,1e293b",68.9%
CAND_132,Divya Joshi,Female,Chennai,6.8,Bachelor of Technology,"ML, Deep Learning, AWS, C++, NLP, Python, TensorFlow","https://api.dicebear.com/7.x/lorelei/svg?seed=user_131_995&backgroundColor=0d1127,1e293b",68.8%
CAND_003,Amit Verma,Male,Hyderabad,5.1,Bachelor of Engineering,"Python, SQL, ML, Data Analysis","https://api.dicebear.com/7.x/avatar/svg?seed=felix&backgroundColor=0d1127,1e293b",68.4%
CAND_074,Karan Das,Male,Mumbai,6.9,Master of Science,"NLP, ML, AWS, Pandas, TensorFlow, SQL, Docker","https://api.dicebear.com/7.x/avatar/svg?seed=user_73_456&backgroundColor=0d1127,1e293b",68.4%
CAND_113,Tanvi Patil,Female,Hyderabad,5.5,Bachelor of Technology,"Data Analysis, ML, C++, NLP, Docker, SQL, Python","https://api.dicebear.com/7.x/lorelei/svg?seed=user_112_259&backgroundColor=0d1127,1e293b",68.3%
CAND_112,Rohan Mehta,Male,Hyderabad,5.2,Bachelor of Technology,"C++, ML, AWS, PyTorch, Pandas","https://api.dicebear.com/7.x/avatar/svg?seed=user_111_171&backgroundColor=0d1127,1e293b",68.1%
CAND_116,Rohan Singh,Male,Mumbai,4.9,Bachelor of Engineering,"TensorFlow, Docker, Pandas, ML","https://api.dicebear.com/7.x/avatar/svg?seed=user_115_232&backgroundColor=0d1127,1e293b",68.1%
CAND_029,Shreya Nair,Female,Chennai,12,Bachelor of Technology,"Statistics, Deep Learning, C++, NLP","https://api.dicebear.com/7.x/lorelei/svg?seed=user_28_235&backgroundColor=0d1127,1e293b",68.0%
CAND_055,Siddharth Verma,Male,Bangalore,7.9,Master of Science,"Java, ML, NLP, SQL","https://api.dicebear.com/7.x/avatar/svg?seed=user_54_692&backgroundColor=0d1127,1e293b",68.0%
CAND_133,Deepak Sharma,Male,Hyderabad,4.5,Master of Technology,"NLP, TensorFlow, Statistics, ML, Pandas","https://api.dicebear.com/7.x/avatar/svg?seed=user_132_193&backgroundColor=0d1127,1e293b",68.0%
CAND_067,Shreya Mishra,Female,Bangalore,8.7,Master of Technology,"ML, Java, AWS, NLP, SQL","https://api.dicebear.com/7.x/lorelei/svg?seed=user_66_354&backgroundColor=0d1127,1e293b",67.9%
CAND_128,Deepak Sharma,Male,Kolkata,8.3,Master of Technology,"Statistics, Data Analysis, Python, Java, NLP, ML, Deep Learning","https://api.dicebear.com/7.x/avatar/svg?seed=user_127_449&backgroundColor=0d1127,1e293b",67.9%
CAND_026,Rahul Kumar,Male,Bangalore,7.6,Bachelor of Engineering,"Python, Statistics, SQL, ML, Docker","https://api.dicebear.com/7.x/avatar/svg?seed=user_25_709&backgroundColor=0d1127,1e293b",67.7%
CAND_031,Karan Singh,Male,Delhi,2.7,Bachelor of Engineering,"Docker, Statistics, ML, NLP","https://api.dicebear.com/7.x/avatar/svg?seed=user_30_388&backgroundColor=0d1127,1e293b",67.7%
CAND_048,Divya Patil,Female,Hyderabad,4.4,Bachelor of Engineering,"Statistics, SQL, ML, Docker, Deep Learning, Pandas","https://api.dicebear.com/7.x/lorelei/svg?seed=user_47_810&backgroundColor=0d1127,1e293b",67.3%
CAND_102,Anjali Verma,Female,Kolkata,7.2,Bachelor of Engineering,"SQL, PyTorch, Python, ML, Docker","https://api.dicebear.com/7.x/lorelei/svg?seed=user_101_466&backgroundColor=0d1127,1e293b",67.2%
CAND_127,Rohan Mishra,Male,Kolkata,8.8,Master of Science,"ML, AWS, Docker, SQL, NLP, Statistics, Pandas","https://api.dicebear.com/7.x/avatar/svg?seed=user_126_758&backgroundColor=0d1127,1e293b",67.2%
CAND_002,Priya Sharma,Female,Bangalore,4.8,Master of Science,"Python, NLP, ML, TensorFlow","https://api.dicebear.com/7.x/lorelei/svg?seed=sara&backgroundColor=0d1127,1e293b",67.1%
CAND_018,Neha Nair,Female,Hyderabad,11.4,Bachelor of Engineering,"Docker, TensorFlow, SQL, Statistics","https://api.dicebear.com/7.x/lorelei/svg?seed=user_17_884&backgroundColor=0d1127,1e293b",67.1%
CAND_013,Deepak Singh,Male,Kolkata,9.3,Bachelor of Technology,"AWS, Pandas, Data Analysis, Deep Learning, ML, Statistics, TensorFlow","https://api.dicebear.com/7.x/avatar/svg?seed=user_12_193&backgroundColor=0d1127,1e293b",67.0%
CAND_016,Rohan Reddy,Male,Delhi,9.5,Bachelor of Engineering,"C++, PyTorch, NLP, Java","https://api.dicebear.com/7.x/avatar/svg?seed=user_15_619&backgroundColor=0d1127,1e293b",67.0%
CAND_064,Shreya Reddy,Female,Hyderabad,7.8,Master of Science,"C++, Deep Learning, NLP, Java","https://api.dicebear.com/7.x/lorelei/svg?seed=user_63_469&backgroundColor=0d1127,1e293b",66.9%
CAND_079,Karan Das,Male,Mumbai,11.3,Bachelor of Engineering,"Statistics, Docker, NLP, Pandas, TensorFlow, AWS","https://api.dicebear.com/7.x/avatar/svg?seed=user_78_349&backgroundColor=0d1127,1e293b",66.8%
CAND_021,Amit Reddy,Male,Mumbai,4,Master of Technology,"Deep Learning, Statistics, ML, AWS, PyTorch, TensorFlow, C++","https://api.dicebear.com/7.x/avatar/svg?seed=user_20_903&backgroundColor=0d1127,1e293b",66.5%
CAND_089,Priya Das,Female,Mumbai,11,Master of Science,"SQL, TensorFlow, Data Analysis, AWS, NLP","https://api.dicebear.com/7.x/lorelei/svg?seed=user_88_754&backgroundColor=0d1127,1e293b",66.4%
CAND_136,Deepak Gupta,Male,Mumbai,7.9,Master of Technology,"SQL, Java, NLP, Deep Learning, Docker, C++, Python","https://api.dicebear.com/7.x/avatar/svg?seed=user_135_344&backgroundColor=0d1127,1e293b",66.2%
CAND_080,Shreya Reddy,Female,Delhi,9.3,Master of Science,"C++, SQL, NLP, Pandas, Data Analysis","https://api.dicebear.com/7.x/lorelei/svg?seed=user_79_906&backgroundColor=0d1127,1e293b",66.1%
CAND_050,Riya Joshi,Female,Mumbai,7.2,Master of Science,"TensorFlow, Deep Learning, NLP, Pandas, C++","https://api.dicebear.com/7.x/lorelei/svg?seed=user_49_129&backgroundColor=0d1127,1e293b",66.0%
CAND_084,Abhishek Sharma,Male,Chennai,7,Master of Science,"Python, Docker, ML, Pandas, Java, SQL, TensorFlow","https://api.dicebear.com/7.x/avatar/svg?seed=user_83_900&backgroundColor=0d1127,1e293b",66.0%
CAND_120,Amit Reddy,Male,Chennai,6.9,Bachelor of Engineering,"Data Analysis, Docker, PyTorch, ML, Deep Learning, SQL","https://api.dicebear.com/7.x/avatar/svg?seed=user_119_249&backgroundColor=0d1127,1e293b",66.0%
CAND_076,Riya Reddy,Female,Hyderabad,10.2,Master of Science,"PyTorch, Statistics, TensorFlow, Pandas","https://api.dicebear.com/7.x/lorelei/svg?seed=user_75_155&backgroundColor=0d1127,1e293b",65.9%
CAND_111,Sanjay Nair,Male,Hyderabad,8.6,Master of Science,"AWS, PyTorch, Docker, NLP","https://api.dicebear.com/7.x/avatar/svg?seed=user_110_129&backgroundColor=0d1127,1e293b",65.8%
CAND_065,Tanvi Verma,Female,Kolkata,4.4,Master of Technology,"Statistics, NLP, Docker, ML","https://api.dicebear.com/7.x/lorelei/svg?seed=user_64_753&backgroundColor=0d1127,1e293b",65.7%
CAND_024,Vikram Verma,Male,Kolkata,5.8,Master of Technology,"Deep Learning, Pandas, Python, ML, Java, Docker, AWS","https://api.dicebear.com/7.x/avatar/svg?seed=user_23_371&backgroundColor=0d1127,1e293b",65.6%
CAND_100,Divya Patil,Female,Chennai,11.7,Bachelor of Engineering,"SQL, PyTorch, Deep Learning, Java, AWS, Python, Statistics","https://api.dicebear.com/7.x/lorelei/svg?seed=user_99_905&backgroundColor=0d1127,1e293b",65.5%
CAND_015,Amit Mishra,Male,Mumbai,10.8,Bachelor of Technology,"Java, PyTorch, Data Analysis, SQL, NLP, Pandas","https://api.dicebear.com/7.x/avatar/svg?seed=user_14_261&backgroundColor=0d1127,1e293b",65.4%
CAND_051,Arjun Gupta,Male,Mumbai,3.2,Bachelor of Engineering,"ML, AWS, Statistics, Python, Pandas, PyTorch, SQL","https://api.dicebear.com/7.x/avatar/svg?seed=user_50_758&backgroundColor=0d1127,1e293b",65.4%
CAND_058,Riya Das,Female,Delhi,2.6,Master of Science,"PyTorch, TensorFlow, Docker, ML, Pandas, C++","https://api.dicebear.com/7.x/lorelei/svg?seed=user_57_851&backgroundColor=0d1127,1e293b",65.4%
CAND_114,Rohan Das,Male,Mumbai,8.5,Bachelor of Technology,"AWS, TensorFlow, Pandas, NLP, Deep Learning, Statistics, SQL","https://api.dicebear.com/7.x/avatar/svg?seed=user_113_453&backgroundColor=0d1127,1e293b",65.3%
CAND_012,Arjun Singh,Male,Hyderabad,2.2,Bachelor of Engineering,"Deep Learning, PyTorch, TensorFlow, Pandas, Docker, ML","https://api.dicebear.com/7.x/avatar/svg?seed=user_11_371&backgroundColor=0d1127,1e293b",65.2%
CAND_090,Divya Patil,Female,Kolkata,12,Master of Technology,"SQL, Deep Learning, Pandas, AWS, Data Analysis, NLP, Statistics","https://api.dicebear.com/7.x/lorelei/svg?seed=user_89_122&backgroundColor=0d1127,1e293b",65.2%
CAND_017,Anjali Reddy,Female,Chennai,11.5,Master of Science,"AWS, Data Analysis, TensorFlow, Python","https://api.dicebear.com/7.x/lorelei/svg?seed=user_16_214&backgroundColor=0d1127,1e293b",65.0%
CAND_042,Karan Nair,Male,Mumbai,7.5,Master of Technology,"Statistics, Python, NLP, Docker, Deep Learning, Pandas, Data Analysis","https://api.dicebear.com/7.x/avatar/svg?seed=user_41_576&backgroundColor=0d1127,1e293b",65.0%
CAND_107,Amit Mishra,Male,Mumbai,8.3,Master of Technology,"Pandas, TensorFlow, Deep Learning, C++, Data Analysis","https://api.dicebear.com/7.x/avatar/svg?seed=user_106_947&backgroundColor=0d1127,1e293b",65.0%
CAND_131,Neha Das,Female,Delhi,7.9,Master of Technology,"Deep Learning, Statistics, C++, NLP, TensorFlow, Docker, Data Analysis","https://api.dicebear.com/7.x/lorelei/svg?seed=user_130_794&backgroundColor=0d1127,1e293b",65.0%
CAND_072,Anjali Singh,Female,Delhi,7.7,Master of Technology,"TensorFlow, SQL, C++, NLP, Pandas, PyTorch","https://api.dicebear.com/7.x/lorelei/svg?seed=user_71_612&backgroundColor=0d1127,1e293b",64.8%
CAND_086,Vikram Mishra,Male,Hyderabad,8.7,Master of Science,"Deep Learning, Docker, SQL, Pandas, Java, AWS","https://api.dicebear.com/7.x/avatar/svg?seed=user_85_554&backgroundColor=0d1127,1e293b",64.8%
CAND_101,Sanjay Patil,Male,Delhi,2.2,Bachelor of Technology,"AWS, Deep Learning, Java, Data Analysis, ML","https://api.dicebear.com/7.x/avatar/svg?seed=user_100_907&backgroundColor=0d1127,1e293b",64.8%
CAND_135,Karan Kumar,Male,Chennai,4.5,Bachelor of Engineering,"Docker, ML, C++, TensorFlow, PyTorch, Python, SQL","https://api.dicebear.com/7.x/avatar/svg?seed=user_134_119&backgroundColor=0d1127,1e293b",64.8%
CAND_063,Divya Patil,Female,Hyderabad,2.8,Master of Technology,"Data Analysis, SQL, Docker, Statistics, ML","https://api.dicebear.com/7.x/lorelei/svg?seed=user_62_296&backgroundColor=0d1127,1e293b",64.7%
CAND_066,Priya Nair,Female,Bangalore,4.5,Master of Technology,"TensorFlow, Data Analysis, ML, Python, NLP, C++, SQL","https://api.dicebear.com/7.x/lorelei/svg?seed=user_65_941&backgroundColor=0d1127,1e293b",64.7%
CAND_123,Sneha Nair,Female,Mumbai,7.7,Bachelor of Engineering,"TensorFlow, AWS, Statistics, Python, C++, Deep Learning, Data Analysis","https://api.dicebear.com/7.x/lorelei/svg?seed=user_122_719&backgroundColor=0d1127,1e293b",64.6%
CAND_033,Anjali Mishra,Female,Bangalore,11.8,Bachelor of Technology,"Docker, TensorFlow, Statistics, Pandas, C++","https://api.dicebear.com/7.x/lorelei/svg?seed=user_32_109&backgroundColor=0d1127,1e293b",64.3%
CAND_078,Shreya Patil,Female,Bangalore,9,Master of Technology,"Statistics, Python, C++, Pandas, SQL, Deep Learning","https://api.dicebear.com/7.x/lorelei/svg?seed=user_77_961&backgroundColor=0d1127,1e293b",64.3%
CAND_027,Shreya Patil,Female,Delhi,7.6,Master of Science,"AWS, SQL, Pandas, PyTorch","https://api.dicebear.com/7.x/lorelei/svg?seed=user_26_697&backgroundColor=0d1127,1e293b",64.2%
CAND_106,Divya Nair,Female,Mumbai,8.1,Bachelor of Technology,"Pandas, AWS, Statistics, NLP, TensorFlow, Docker","https://api.dicebear.com/7.x/lorelei/svg?seed=user_105_719&backgroundColor=0d1127,1e293b",64.2%
CAND_140,Siddharth Verma,Male,Hyderabad,2,Bachelor of Engineering,"C++, PyTorch, ML, Java, TensorFlow, AWS","https://api.dicebear.com/7.x/avatar/svg?seed=user_139_746&backgroundColor=0d1127,1e293b",64.1%
CAND_091,Shreya Mishra,Female,Kolkata,9.7,Bachelor of Engineering,"AWS, Docker, TensorFlow, NLP","https://api.dicebear.com/7.x/lorelei/svg?seed=user_90_894&backgroundColor=0d1127,1e293b",63.7%
CAND_108,Sneha Mehta,Female,Bangalore,6,Bachelor of Technology,"Data Analysis, ML, PyTorch, TensorFlow, SQL, AWS","https://api.dicebear.com/7.x/lorelei/svg?seed=user_107_951&backgroundColor=0d1127,1e293b",63.6%
CAND_109,Kriti Verma,Female,Delhi,7.3,Master of Science,"PyTorch, SQL, Pandas, Data Analysis, Docker, Python","https://api.dicebear.com/7.x/lorelei/svg?seed=user_108_394&backgroundColor=0d1127,1e293b",63.5%
CAND_032,Vikram Mishra,Male,Chennai,8.2,Bachelor of Technology,"Statistics, TensorFlow, NLP, Python, SQL, Pandas","https://api.dicebear.com/7.x/avatar/svg?seed=user_31_949&backgroundColor=0d1127,1e293b",63.3%
CAND_038,Divya Sharma,Female,Bangalore,11.7,Master of Science,"Data Analysis, PyTorch, Statistics, Pandas, Docker, C++","https://api.dicebear.com/7.x/lorelei/svg?seed=user_37_128&backgroundColor=0d1127,1e293b",63.2%
CAND_043,Deepak Das,Male,Bangalore,9.8,Bachelor of Engineering,"PyTorch, SQL, NLP, Statistics, AWS","https://api.dicebear.com/7.x/avatar/svg?seed=user_42_443&backgroundColor=0d1127,1e293b",63.2%
CAND_059,Deepak Das,Male,Mumbai,6.4,Master of Technology,"Data Analysis, Deep Learning, SQL, NLP, TensorFlow, Java","https://api.dicebear.com/7.x/avatar/svg?seed=user_58_868&backgroundColor=0d1127,1e293b",63.2%
CAND_045,Arjun Das,Male,Hyderabad,5.7,Master of Technology,"PyTorch, Docker, Python, SQL, Pandas","https://api.dicebear.com/7.x/avatar/svg?seed=user_44_324&backgroundColor=0d1127,1e293b",63.1%
CAND_138,Karan Mishra,Male,Mumbai,8.5,Master of Technology,"SQL, Statistics, Java, Docker, PyTorch, AWS","https://api.dicebear.com/7.x/avatar/svg?seed=user_137_120&backgroundColor=0d1127,1e293b",63.1%
CAND_070,Shreya Das,Female,Hyderabad,4.6,Master of Science,"NLP, Docker, C++, TensorFlow, SQL","https://api.dicebear.com/7.x/lorelei/svg?seed=user_69_803&backgroundColor=0d1127,1e293b",62.9%
CAND_119,Sneha Patil,Female,Hyderabad,6.1,Bachelor of Technology,"Statistics, SQL, Pandas, NLP, Data Analysis, Deep Learning, AWS","https://api.dicebear.com/7.x/lorelei/svg?seed=user_118_897&backgroundColor=0d1127,1e293b",62.9%
CAND_034,Karan Reddy,Male,Chennai,1.9,Bachelor of Technology,"AWS, Statistics, ML, Pandas, Docker, Python","https://api.dicebear.com/7.x/avatar/svg?seed=user_33_415&backgroundColor=0d1127,1e293b",62.8%
CAND_115,Shreya Das,Female,Chennai,7,Bachelor of Engineering,"Python, Deep Learning, Pandas, AWS, C++, PyTorch","https://api.dicebear.com/7.x/lorelei/svg?seed=user_114_309&backgroundColor=0d1127,1e293b",62.8%
CAND_104,Amit Das,Male,Mumbai,6.8,Bachelor of Technology,"Docker, Java, PyTorch, Statistics","https://api.dicebear.com/7.x/avatar/svg?seed=user_103_408&backgroundColor=0d1127,1e293b",62.7%
CAND_122,Divya Singh,Female,Chennai,7.7,Master of Science,"Statistics, SQL, NLP, TensorFlow, PyTorch, Python","https://api.dicebear.com/7.x/lorelei/svg?seed=user_121_158&backgroundColor=0d1127,1e293b",62.7%
CAND_009,Arjun Sharma,Male,Chennai,7.3,Bachelor of Technology,"AWS, Deep Learning, Docker, SQL, Python, Java","https://api.dicebear.com/7.x/avatar/svg?seed=user_8_891&backgroundColor=0d1127,1e293b",62.5%
CAND_081,Rohan Gupta,Male,Kolkata,4.6,Master of Technology,"C++, ML, TensorFlow, Statistics, Docker, Data Analysis, PyTorch","https://api.dicebear.com/7.x/avatar/svg?seed=user_80_665&backgroundColor=0d1127,1e293b",62.5%
CAND_047,Abhishek Das,Male,Hyderabad,4.2,Master of Science,"C++, PyTorch, NLP, Statistics, TensorFlow","https://api.dicebear.com/7.x/avatar/svg?seed=user_46_741&backgroundColor=0d1127,1e293b",62.3%
CAND_019,Deepak Verma,Male,Delhi,4.3,Master of Technology,"Deep Learning, Statistics, Docker, C++, NLP, Pandas, Data Analysis","https://api.dicebear.com/7.x/avatar/svg?seed=user_18_548&backgroundColor=0d1127,1e293b",62.2%
CAND_049,Riya Mehta,Female,Bangalore,7.2,Master of Science,"Python, Deep Learning, Pandas, Docker, AWS, C++, PyTorch","https://api.dicebear.com/7.x/lorelei/svg?seed=user_48_588&backgroundColor=0d1127,1e293b",62.2%
CAND_057,Sanjay Sharma,Male,Bangalore,9.9,Master of Science,"Data Analysis, Statistics, Pandas, PyTorch","https://api.dicebear.com/7.x/avatar/svg?seed=user_56_479&backgroundColor=0d1127,1e293b",62.1%
CAND_095,Arjun Reddy,Male,Mumbai,5.3,Master of Science,"Python, NLP, Statistics, SQL, TensorFlow, Data Analysis, Java","https://api.dicebear.com/7.x/avatar/svg?seed=user_94_698&backgroundColor=0d1127,1e293b",61.8%
CAND_044,Vikram Patil,Male,Mumbai,3,Bachelor of Engineering,"Deep Learning, TensorFlow, AWS, SQL","https://api.dicebear.com/7.x/avatar/svg?seed=user_43_566&backgroundColor=0d1127,1e293b",61.5%
CAND_117,Siddharth Sharma,Male,Chennai,5.7,Master of Technology,"Pandas, Python, TensorFlow, SQL","https://api.dicebear.com/7.x/avatar/svg?seed=user_116_982&backgroundColor=0d1127,1e293b",61.2%
CAND_011,Vikram Verma,Male,Kolkata,6.4,Bachelor of Technology,"PyTorch, Docker, Statistics, Deep Learning, Data Analysis, Python","https://api.dicebear.com/7.x/avatar/svg?seed=user_10_334&backgroundColor=0d1127,1e293b",61.1%
CAND_020,Neha Sharma,Female,Bangalore,5,Bachelor of Technology,"AWS, Deep Learning, Python, SQL, Docker","https://api.dicebear.com/7.x/lorelei/svg?seed=user_19_334&backgroundColor=0d1127,1e293b",61.0%
CAND_046,Neha Sharma,Female,Delhi,6.3,Master of Technology,"PyTorch, Statistics, Java, AWS, Data Analysis, TensorFlow, Pandas","https://api.dicebear.com/7.x/lorelei/svg?seed=user_45_950&backgroundColor=0d1127,1e293b",60.8%
CAND_098,Deepak Joshi,Male,Chennai,7.7,Bachelor of Technology,"Pandas, PyTorch, SQL, TensorFlow, AWS","https://api.dicebear.com/7.x/avatar/svg?seed=user_97_517&backgroundColor=0d1127,1e293b",60.8%
CAND_110,Shreya Reddy,Female,Hyderabad,3.7,Master of Technology,"Deep Learning, SQL, Data Analysis, Statistics, Docker, Java, NLP","https://api.dicebear.com/7.x/lorelei/svg?seed=user_109_687&backgroundColor=0d1127,1e293b",60.8%
CAND_105,Pooja Joshi,Female,Chennai,6,Bachelor of Engineering,"TensorFlow, Docker, C++, SQL","https://api.dicebear.com/7.x/lorelei/svg?seed=user_104_182&backgroundColor=0d1127,1e293b",60.7%
CAND_103,Rahul Verma,Male,Mumbai,4.3,Master of Science,"Docker, Pandas, Statistics, SQL, PyTorch","https://api.dicebear.com/7.x/avatar/svg?seed=user_102_587&backgroundColor=0d1127,1e293b",60.6%
CAND_062,Neha Singh,Female,Chennai,8.5,Master of Technology,"TensorFlow, Statistics, Java, Data Analysis, Pandas, Docker","https://api.dicebear.com/7.x/lorelei/svg?seed=user_61_438&backgroundColor=0d1127,1e293b",60.4%
CAND_022,Sneha Mishra,Female,Chennai,6,Bachelor of Technology,"Pandas, TensorFlow, Docker, Python, SQL, PyTorch, C++","https://api.dicebear.com/7.x/lorelei/svg?seed=user_21_845&backgroundColor=0d1127,1e293b",60.3%
CAND_096,Neha Das,Female,Mumbai,1.8,Bachelor of Technology,"AWS, Deep Learning, PyTorch, SQL, TensorFlow, NLP","https://api.dicebear.com/7.x/lorelei/svg?seed=user_95_764&backgroundColor=0d1127,1e293b",60.3%
CAND_040,Riya Kumar,Female,Chennai,7,Bachelor of Technology,"Data Analysis, Pandas, SQL, PyTorch, C++","https://api.dicebear.com/7.x/lorelei/svg?seed=user_39_738&backgroundColor=0d1127,1e293b",60.2%
CAND_075,Sneha Verma,Female,Chennai,5,Master of Science,"NLP, PyTorch, Pandas, Statistics, Python, TensorFlow, SQL","https://api.dicebear.com/7.x/lorelei/svg?seed=user_74_422&backgroundColor=0d1127,1e293b",60.1%
CAND_052,Karan Kumar,Male,Kolkata,4.2,Master of Technology,"Deep Learning, TensorFlow, Data Analysis, Docker, Pandas, NLP","https://api.dicebear.com/7.x/avatar/svg?seed=user_51_870&backgroundColor=0d1127,1e293b",59.3%
CAND_085,Arjun Mishra,Male,Delhi,2.3,Bachelor of Technology,"C++, PyTorch, Statistics, Pandas, Data Analysis, TensorFlow","https://api.dicebear.com/7.x/avatar/svg?seed=user_84_993&backgroundColor=0d1127,1e293b",58.7%
CAND_039,Divya Kumar,Female,Delhi,2.6,Bachelor of Engineering,"Data Analysis, Docker, C++, Pandas, AWS, Statistics, SQL","https://api.dicebear.com/7.x/lorelei/svg?seed=user_38_494&backgroundColor=0d1127,1e293b",58.6%
CAND_061,Deepak Patil,Male,Chennai,2.4,Bachelor of Engineering,"TensorFlow, Statistics, Deep Learning, C++, PyTorch, AWS, Python","https://api.dicebear.com/7.x/avatar/svg?seed=user_60_195&backgroundColor=0d1127,1e293b",58.6%
CAND_134,Rahul Joshi,Male,Bangalore,2.1,Master of Science,"Deep Learning, Pandas, SQL, Data Analysis, C++, Python","https://api.dicebear.com/7.x/avatar/svg?seed=user_133_426&backgroundColor=0d1127,1e293b",58.2%
CAND_008,Kriti Sharma,Female,Bangalore,2.5,Master of Technology,"Data Analysis, C++, AWS, NLP","https://api.dicebear.com/7.x/lorelei/svg?seed=user_7_926&backgroundColor=0d1127,1e293b",57.8%
CAND_014,Karan Mishra,Male,Kolkata,3.2,Bachelor of Technology,"AWS, SQL, Pandas, Docker, C++, TensorFlow, NLP","https://api.dicebear.com/7.x/avatar/svg?seed=user_13_666&backgroundColor=0d1127,1e293b",57.7%
CAND_121,Anjali Mishra,Female,Mumbai,2.3,Bachelor of Technology,"TensorFlow, Java, AWS, Docker, C++, Data Analysis, Statistics","https://api.dicebear.com/7.x/lorelei/svg?seed=user_120_254&backgroundColor=0d1127,1e293b",57.6%
CAND_094,Rohan Verma,Male,Kolkata,4.2,Bachelor of Engineering,"Java, NLP, Docker, Data Analysis, SQL, TensorFlow, AWS","https://api.dicebear.com/7.x/avatar/svg?seed=user_93_244&backgroundColor=0d1127,1e293b",57.4%
